[
  {
    "book": "На западном фронте без перемен",
    "author": "Ремарк",
    "id": 4,
    "owner": "Дмитрий",
    "date": "19.02.2022",
    "year": "1932"
  },
  {
    "book": "пикник на обочине",
    "author": "братья стругацкие",
    "id": 5,
    "owner": "Дмитрий",
    "date": "19.02.2022",
    "year": "1932"
  },
  {
    "book": "Мастер и Маргарита",
    "author": "Булгаков",
    "owner": "",
    "date": "",
    "id": 8,
    "year": "1932"
  },
  {
    "book": "1984",
    "author": "Джордж Оруэлл",
    "year": "1954",
    "owner": "Игорь ",
    "date": "05.10.2022",
    "id": 9
  },
  {
    "book": " Собачье сердце",
    "author": "Булгаков",
    "year": "1925",
    "owner": "",
    "date": "",
    "id": 10
  },
  {
    "book": "Отверженные",
    "author": "Гюго",
    "year": "1862",
    "owner": "",
    "date": "",
    "id": 11
  },
  {
    "book": "Дмитрий",
    "author": "братья стругацкие",
    "year": "1934",
    "owner": "Дмитрий",
    "date": "27.10.2022",
    "id": 13
  },
  {
    "book": "Lenovo Legion Y530",
    "author": "некий испанец",
    "year": "1745",
    "owner": "",
    "date": "",
    "id": 14
  }
]